{
  "items": [
    {
      "id": 381644,
      "sku": "381644",
      "name": "Quần Short Khaki Nam The Cosmo TC1025011NA - Xanh navy",
      "attribute_set_id": 46,
      "price": 0,
      "status": 1,
      "visibility": 4,
      "type_id": "configurable",
      "created_at": "2017-06-19 15:48:28",
      "updated_at": "2017-06-26 01:55:14",
      "extension_attributes": {
        "stock_item": {
          "item_id": 370910,
          "product_id": 381644,
          "qty": 10,
          "is_in_stock": true,
          "max_sale_qty": 500
        },
        "original_price": 399000,
        "min_price": 299000,
        "brand_name": "The Cosmo",
        "brand_id": 1198,
        "brand_image": "",
        "vendor_name": "THE COSMO",
        "vendor_id": 1122,
        "vendor_city": "",
        "vendor_rating": "0",
        "vendor_reviews_count": "0",
        "vendor_membership": "Dropship Seller",
        "category": "2337,5718",
        "product_label": [
          {
            "icon": "https://d1710i1dsqwesz.cloudfront.net/media/amasty/amlabel/Ellipse-45.png",
            "value": "25%"
          }
        ]
      },
      "product_links": [],
      "options": [],
      "tier_prices": [],
      "custom_attributes": [
        {
          "attribute_code": "description",
          "value": "<p><span style=\"font-size: medium;\"><strong>Loại sản phẩm:</strong>&nbsp;Quần Short Khaki Nam</span></p>\r\n<p><span style=\"font-size: medium;\"><strong>Thương hiệu:</strong>&nbsp;THE COSMO</span></p>\r\n<p><span style=\"font-size: medium;\">Quần short khaki c&oacute; hai t&uacute;i b&ecirc;n h&ocirc;ng, hai t&uacute;i ph&iacute;a sau, v&agrave; một t&uacute;i nhỏ ph&iacute;a trước. Quần được may tr&ecirc;n chất liệu khaki cotton cao cấp, c&oacute; độ co gi&atilde;n nhẹ v&agrave; độ d&agrave;y vừa phải.</span><br /> <br /><span style=\"font-size: medium;\">Người mẫu cao 189cm, v&ograve;ng 1 98cm, v&ograve;ng 2 76cm, v&ograve;ng 3 97cm, mặc size 32.</span></p>\r\n<p style=\"text-align: center;\"><span style=\"font-size: medium;\">&nbsp;<img src=\"https://seller.lotte.vn/pub/media/upload/vendor_images/1122/2TC1025011NA.jpg\" alt=\"2TC1025011NA.jpg\" />&nbsp;</span></p>\r\n<p><span style=\"font-size: medium;\"><strong>HƯỚNG DẪN CHỌN SIZE</strong></span></p>\r\n<p><span style=\"font-size: medium;\">Size: V&ograve;ng eo x V&ograve;ng m&ocirc;ng x D&agrave;i đ&aacute;y x Đ&ugrave;i x Inseam (cm)</span></p>\r\n<ul>\r\n<li><span style=\"font-size: medium;\">Size 28: 70 - 89 - 20.5 - 25 - 28</span></li>\r\n<li><span style=\"font-size: medium;\">Size 29: 72 - 94 - 21 - 27 - 82</span></li>\r\n<li><span style=\"font-size: medium;\">Size 30: 76 - 96 - 21.5 - 28.5 - 28</span></li>\r\n<li><span style=\"font-size: medium;\">Size 31: 77 - 98 - 22 - 29 - 28&nbsp;</span></li>\r\n<li><span style=\"font-size: medium;\">Size 32: 81 - 102 - 22 - 30 - 28</span></li>\r\n<li><span style=\"font-size: medium;\">Size 34: 82 - 106 - 23.5 - 30.5 - 28</span></li>\r\n</ul>\r\n<div><span style=\"font-size: medium;\"><br /></span></div>\r\n<p><span style=\"font-size: medium;\"><strong>HƯỚNG DẪN BẢO QUẢN</strong></span></p>\r\n<ul>\r\n<li><span style=\"font-size: medium;\">Ủi nhẹ ở nhiệt độ tối đa l&agrave; 110&deg;C.</span></li>\r\n<li><span style=\"font-size: medium;\">Giặt m&aacute;y bằng nước lạnh.</span></li>\r\n<li><span style=\"font-size: medium;\">Kh&ocirc;ng sử dụng chất tẩy mạnh.</span></li>\r\n</ul>\r\n<p><span style=\"font-size: medium;\"><strong><br /></strong></span></p>\r\n<p><span style=\"font-size: medium;\"><strong>TH&Ocirc;NG TIN THƯƠNG HIỆU</strong></span></p>\r\n<p><span style=\"font-size: medium;\">THE COSMO l&agrave; thương hiệu thời trang quốc tế ra đời tại Anh Quốc. Kh&aacute;c với những thương hiệu th&ocirc;ng thường, THE COSMO tập trung ph&aacute;t triển những mẫu trang phục c&oacute; thiết kế cơ bản v&agrave; thiết yếu trong cuộc sống, để từ đ&oacute; kh&aacute;ch h&agrave;ng c&oacute; thể tự do kết hợp v&agrave; tạo ra phong c&aacute;ch của ri&ecirc;ng m&igrave;nh. Ngo&agrave;i ra, sự độc đ&aacute;o của THE COSMO c&ograve;n thể hiện r&otilde; n&eacute;t qua chất liệu vải được ph&aacute;t triển v&agrave; xử l&yacute; kỹ lưỡng, kết hợp c&ugrave;ng kiểu d&aacute;ng kh&ocirc;ng bao giờ lỗi mốt v&agrave; những đường cắt may tinh xảo.</span><br /><br /><span style=\"font-size: medium;\">Những năm gần đ&acirc;y, THE COSMO ph&aacute;t triển nhanh ch&oacute;ng v&agrave; trở th&agrave;nh một trong những thương hiệu quốc tế được y&ecirc;u th&iacute;ch bởi c&aacute;c thiết kế tinh tế, mang t&iacute;nh ứng dụng cao. Trong sản xuất, THE COSMO lu&ocirc;n bắt đầu từ việc ph&aacute;t triển chất liệu. THE COSMO cam kết sử dụng những chất liệu tốt nhất đ&atilde; được kiểm tra kỹ lưỡng về chất lượng v&agrave; độ an to&agrave;n cho người sử dụng.</span></p>"
        },
        {
          "attribute_code": "image",
          "value": "/1/1/1122_1497887285_2tc1025011na.jpg"
        },
        {
          "attribute_code": "small_image",
          "value": "/1/1/1122_1497887285_2tc1025011na.jpg"
        },
        {
          "attribute_code": "thumbnail",
          "value": "/1/1/1122_1497887285_2tc1025011na.jpg"
        },
        {
          "attribute_code": "required_options",
          "value": "1"
        },
        {
          "attribute_code": "country_of_manufacture",
          "value": "1035"
        },
        {
          "attribute_code": "is_returnable",
          "value": "1"
        },
        {
          "attribute_code": "udropship_vendor",
          "value": "1122"
        },
        {
          "attribute_code": "product_brand",
          "value": "1198"
        },
        {
          "attribute_code": "product_approve",
          "value": "1"
        },
        {
          "attribute_code": "on_deal",
          "value": "0"
        },
        {
          "attribute_code": "packaging_weight",
          "value": "0.3"
        },
        {
          "attribute_code": "packaging_height",
          "value": "1"
        },
        {
          "attribute_code": "packaging_length",
          "value": "25"
        },
        {
          "attribute_code": "packaging_width",
          "value": "15"
        },
        {
          "attribute_code": "accept_installment",
          "value": "0"
        },
        {
          "attribute_code": "fashion_material",
          "value": "100% Cotton"
        },
        {
          "attribute_code": "wide_image",
          "value": "/q/u/qu_n-short-khaki-nam-the-cosmo-tc1025011na.jpg"
        },
        {
          "attribute_code": "sport_color",
          "value": "1784"
        },
        {
          "attribute_code": "md_comment",
          "value": "Chất liệu vải cao cấp. Thiết kế thời trang và tinh tế"
        },
        {
          "attribute_code": "md_background_color",
          "value": "#b7b7b7"
        }
      ]
    },
    {
      "id": 379943,
      "sku": "379943",
      "name": "Đầm Hai Dây Hạ Eo The Cosmo TC2005043WH - Trắng",
      "attribute_set_id": 72,
      "price": 0,
      "status": 1,
      "visibility": 4,
      "type_id": "configurable",
      "created_at": "2017-06-18 18:25:12",
      "updated_at": "2017-06-26 09:39:00",
      "extension_attributes": {
        "stock_item": {
          "item_id": 369210,
          "product_id": 379943,
          "qty": 10,
          "is_in_stock": true,
          "max_sale_qty": 500
        },
        "original_price": 449000,
        "min_price": 199000,
        "brand_name": "The Cosmo",
        "brand_id": 1198,
        "brand_image": "",
        "vendor_name": "THE COSMO",
        "vendor_id": 1122,
        "vendor_city": "",
        "vendor_rating": "0",
        "vendor_reviews_count": "0",
        "vendor_membership": "Dropship Seller",
        "category": "2337,5988,7226,7227",
        "product_label": [
          {
            "icon": "https://d1710i1dsqwesz.cloudfront.net/media/amasty/amlabel/Ellipse-45.png",
            "value": "56%"
          }
        ]
      },
      "product_links": [],
      "options": [],
      "tier_prices": [],
      "custom_attributes": [
        {
          "attribute_code": "description",
          "value": "<p><span style=\"font-size: medium;\"><strong>Loại sản phẩm:</strong>&nbsp;Đầm nữ</span></p>\r\n<p><span style=\"font-size: medium;\"><strong>Thương hiệu:</strong>&nbsp;THE COSMO</span></p>\r\n<p><span style=\"font-size: medium;\">Đầm hai d&acirc;y, hạ eo, xếp ly ph&iacute;a dưới. Đầm được may tr&ecirc;n chất liệu vải Jacquard c&oacute; co gi&atilde;n nhẹ, lớp l&oacute;t voan b&ecirc;n trong. </span><br /> <br /><span style=\"font-size: medium;\">Người mẫu cao 1m80, v&ograve;ng 1 83cm, v&ograve;ng 2 62cm, v&ograve;ng 3 94cm, mặc size S.</span></p>\r\n<p><span style=\"font-size: medium;\"><strong>HƯỚNG DẪN CHỌN SIZE</strong></span></p>\r\n<p><span style=\"font-size: medium;\">&nbsp;Size: D&agrave;i th&acirc;n x Rộng th&acirc;n x Rộng tay</span></p>\r\n<ul>\r\n<li><span style=\"font-size: medium;\">Size XS: 75 x 42 x 23</span></li>\r\n<li><span style=\"font-size: medium;\">Size S: 78 x 44 x 25</span></li>\r\n<li><span style=\"font-size: medium;\">Size M: 79 x 45 x 25</span></li>\r\n<li><span style=\"font-size: medium;\">Size L: 81 x 48 x 27</span></li>\r\n</ul>\r\n<div style=\"text-align: center;\"><span style=\"font-size: medium;\"><img src=\"https://seller.lotte.vn/pub/media/upload/vendor_images/1122/TC2005043WH5.jpg\" alt=\"TC2005043WH5.jpg\" /><br /></span></div>\r\n<p><span style=\"font-size: medium;\"><strong>HƯỚNG DẪN BẢO QUẢN</strong></span></p>\r\n<ul>\r\n<li><span style=\"font-size: medium;\">Ủi nhẹ ở nhiệt độ tối đa l&agrave; 110&deg;C.</span></li>\r\n<li><span style=\"font-size: medium;\">Giặt m&aacute;y bằng nước lạnh.</span></li>\r\n<li><span style=\"font-size: medium;\">Kh&ocirc;ng sử dụng chất tẩy mạnh.</span></li>\r\n</ul>\r\n<p><span style=\"font-size: medium;\"><strong><br /></strong></span></p>\r\n<p><span style=\"font-size: medium;\"><strong>TH&Ocirc;NG TIN THƯƠNG HIỆU</strong></span></p>\r\n<p><span style=\"font-size: medium;\">THE COSMO l&agrave; thương hiệu thời trang quốc tế ra đời tại Anh Quốc. Kh&aacute;c với những thương hiệu th&ocirc;ng thường, THE COSMO tập trung ph&aacute;t triển những mẫu trang phục c&oacute; thiết kế cơ bản v&agrave; thiết yếu trong cuộc sống, để từ đ&oacute; kh&aacute;ch h&agrave;ng c&oacute; thể tự do kết hợp v&agrave; tạo ra phong c&aacute;ch của ri&ecirc;ng m&igrave;nh. Ngo&agrave;i ra, sự độc đ&aacute;o của THE COSMO c&ograve;n thể hiện r&otilde; n&eacute;t qua chất liệu vải được ph&aacute;t triển v&agrave; xử l&yacute; kỹ lưỡng, kết hợp c&ugrave;ng kiểu d&aacute;ng kh&ocirc;ng bao giờ lỗi mốt v&agrave; những đường cắt may tinh xảo.</span><br /><br /><span style=\"font-size: medium;\">Những năm gần đ&acirc;y, THE COSMO ph&aacute;t triển nhanh ch&oacute;ng v&agrave; trở th&agrave;nh một trong những thương hiệu quốc tế được y&ecirc;u th&iacute;ch bởi c&aacute;c thiết kế tinh tế, mang t&iacute;nh ứng dụng cao. Trong sản xuất, THE COSMO lu&ocirc;n bắt đầu từ việc ph&aacute;t triển chất liệu. THE COSMO cam kết sử dụng những chất liệu tốt nhất đ&atilde; được kiểm tra kỹ lưỡng về chất lượng v&agrave; độ an to&agrave;n cho người sử dụng.</span></p>"
        },
        {
          "attribute_code": "image",
          "value": "/1/1/1122_1497810280_tc2005043wh5.jpg"
        },
        {
          "attribute_code": "small_image",
          "value": "/1/1/1122_1497810280_tc2005043wh5.jpg"
        },
        {
          "attribute_code": "thumbnail",
          "value": "/1/1/1122_1497810280_tc2005043wh5.jpg"
        },
        {
          "attribute_code": "required_options",
          "value": "1"
        },
        {
          "attribute_code": "country_of_manufacture",
          "value": "1035"
        },
        {
          "attribute_code": "is_returnable",
          "value": "1"
        },
        {
          "attribute_code": "udropship_vendor",
          "value": "1122"
        },
        {
          "attribute_code": "product_brand",
          "value": "1198"
        },
        {
          "attribute_code": "product_approve",
          "value": "1"
        },
        {
          "attribute_code": "on_deal",
          "value": "0"
        },
        {
          "attribute_code": "packaging_weight",
          "value": "0.3"
        },
        {
          "attribute_code": "packaging_height",
          "value": "18"
        },
        {
          "attribute_code": "packaging_length",
          "value": "15"
        },
        {
          "attribute_code": "packaging_width",
          "value": "3"
        },
        {
          "attribute_code": "accept_installment",
          "value": "0"
        },
        {
          "attribute_code": "fashion_material",
          "value": "100% Cotton"
        },
        {
          "attribute_code": "wide_image",
          "value": "/_/m/_m-hai-d_y-h_-eo-the-cosmo-tc2005043wh.jpg"
        },
        {
          "attribute_code": "md_comment",
          "value": "Chất liệu co giãn. Thiết kế thoải mái, hợp thời trang"
        },
        {
          "attribute_code": "md_background_color",
          "value": "#b7b7b7"
        }
      ]
    },
    {
      "id": 368395,
      "sku": "368395",
      "name": "Phấn nền dạng nén NYX Stay Matte But Not Flat Powder Foundation màu trung bình SMP01 Ivory (Tặng 1 Bút kẻ mắt nước NYX Liquid black liner)",
      "attribute_set_id": 48,
      "price": 570000,
      "status": 1,
      "visibility": 4,
      "type_id": "simple",
      "created_at": "2017-06-07 03:18:30",
      "updated_at": "2017-06-26 09:43:43",
      "extension_attributes": {
        "stock_item": {
          "item_id": 357681,
          "product_id": 368395,
          "qty": 17,
          "is_in_stock": true,
          "max_sale_qty": 500
        },
        "original_price": 570000,
        "min_price": 340000,
        "brand_name": "NYX Professional Makeup",
        "brand_id": 1091,
        "brand_image": "",
        "vendor_name": "NYX Professional MakeUp",
        "vendor_id": 335,
        "vendor_city": "",
        "vendor_rating": "0",
        "vendor_reviews_count": "0",
        "vendor_membership": "Dropship Seller",
        "category": "190,2337,6999,7000,7392",
        "product_label": [
          {
            "icon": "https://d1710i1dsqwesz.cloudfront.net/media/amasty/amlabel/Ellipse-45.png",
            "value": "40%"
          }
        ]
      },
      "product_links": [],
      "options": [],
      "tier_prices": [],
      "custom_attributes": [
        {
          "attribute_code": "description",
          "value": "<p><strong><strong>Phấn nền dạng n&eacute;n NYX Stay Matte But Not Flat Powder Foundation m&agrave;u trung b&igrave;nh SMP01 Ivory (Tặng 1 B&uacute;t kẻ mắt nước NYX Liquid black liner)</strong></strong></p>\r\n<p>Phấn nền dạng n&eacute;n NYX Stay Matte But Not Flat Powder Foundation với c&aacute;c hạt phấn cực mịn c&ugrave;ng t&ocirc;ng m&agrave;u cơ bản, dễ phối hợp gi&uacute;p bạn tự tin trang điểm để trở n&ecirc;n nổi bật hơn mỗi khi ra ngo&agrave;i.</p>\r\n<p><img src=\"https://seller.lotte.vn/pub/media/upload/vendor_images/335/F2kAkmk.jpg\" alt=\"F2kAkmk.jpg\" /></p>\r\n<p><strong>TH&Ocirc;NG TIN CHI TIẾT</strong></p>\r\n<p>T&ocirc;ng m&agrave;u da s&aacute;ng</p>\r\n<p><strong>M&atilde; m&agrave;u: </strong>SMP01 Ivory<strong></strong></p>\r\n<p><strong>Trọng lượng: </strong>7.5g<strong></strong></p>\r\n<p><strong>Xuất xứ: </strong>Trung Quốc<strong></strong></p>\r\n<p><strong>Th&agrave;nh phần: </strong>&nbsp; Nylon-12, Hydrogenated Polyisobutene, Magnesium Stearate, Silica, Phenyl Trimethicone, Bis-Diglyceryl Polyacyladipate-2, Cyclopentasiloxane, Dimethiconol, Zinc Stearate, Boron Nitride...</p>\r\n<p><strong>Hướng dẫn sử dụng</strong></p>\r\n<p>D&ugrave;ng cọ hoặc m&uacute;t lấy phấn v&agrave; giũ nhẹ cho rơi bớt phấn dư</p>\r\n<p>T&aacute;n đều l&ecirc;n mặt</p>\r\n<p>Bảo quản nơi kh&ocirc; r&aacute;o, tho&aacute;ng m&aacute;t, tr&aacute;nh &aacute;nh nắng trực tiếp v&agrave; nhiệt độ cao</p>\r\n<p><strong>Th&ocirc;ng tin thương hiệu</strong></p>\r\n<p><strong>NYX</strong> l&agrave; một thương hiệu mỹ phẩm Hoa Kỳ được th&agrave;nh lập v&agrave;o năm 1999 bởi Toni Ko với mong muốn tạo n&ecirc;n d&ograve;ng sản phẩm chất lượng với gi&aacute; th&agrave;nh hợp l&yacute;. NYX tập trung sản xuất mỹ phẩm m&agrave;u từ những nguy&ecirc;n liệu h&agrave;ng đầu v&agrave; c&ocirc;ng thức mang lại vẻ đẹp rạng rỡ cho người sử dụng. NYX được đặt theo t&ecirc;n của nữ thần b&oacute;ng đ&ecirc;m trong thần thoại Hy Lạp, biểu tượng cho sắc đẹp, quyền năng si&ecirc;u hạng. V&agrave; đ&uacute;ng như t&ecirc;n gọi của m&igrave;nh, mỹ phẩm NYX đ&atilde; gi&uacute;p cho phụ nữ khắp nơi tr&ecirc;n thế giới trở n&ecirc;n rạng rỡ v&agrave; quyến rũ.</p>"
        },
        {
          "attribute_code": "image",
          "value": "/3/3/335_1496805487_smp01_bel06.jpg"
        },
        {
          "attribute_code": "small_image",
          "value": "/3/3/335_1496805487_smp01_bel06.jpg"
        },
        {
          "attribute_code": "thumbnail",
          "value": "/3/3/335_1496805487_smp01_bel06.jpg"
        },
        {
          "attribute_code": "required_options",
          "value": "0"
        },
        {
          "attribute_code": "country_of_manufacture",
          "value": "578"
        },
        {
          "attribute_code": "is_returnable",
          "value": "1"
        },
        {
          "attribute_code": "swatch_image",
          "value": "/3/3/335_1496805487_smp01_bel06.jpg"
        },
        {
          "attribute_code": "udropship_vendor",
          "value": "335"
        },
        {
          "attribute_code": "product_brand",
          "value": "1091"
        },
        {
          "attribute_code": "product_approve",
          "value": "1"
        },
        {
          "attribute_code": "on_deal",
          "value": "0"
        },
        {
          "attribute_code": "packaging_weight",
          "value": "0.75"
        },
        {
          "attribute_code": "packaging_height",
          "value": "4"
        },
        {
          "attribute_code": "packaging_length",
          "value": "8"
        },
        {
          "attribute_code": "packaging_width",
          "value": "6"
        },
        {
          "attribute_code": "wide_image",
          "value": "/p/h/ph_n-n_n-d_ng-n_n-nyx-stay-matte-but-not-flat-powder-foundation-m_u-trung-b_nh-smp01-ivory.jpg"
        },
        {
          "attribute_code": "md_comment",
          "value": "Hạt phấn mịn & tông màu cơ bản. Tự tin, xinh đẹp hơn"
        },
        {
          "attribute_code": "md_background_color",
          "value": "#b7b7b7"
        }
      ]
    },
    {
      "id": 17814,
      "sku": "19492-0017814",
      "name": "Sữa Tắm Lifebouy Chăm Sóc Da Chai 850G (Tặng Sọt Rọ Mây)",
      "attribute_set_id": 61,
      "price": 130000,
      "status": 1,
      "visibility": 4,
      "type_id": "simple",
      "created_at": "2016-09-21 08:44:37",
      "updated_at": "2017-06-26 09:44:51",
      "extension_attributes": {
        "stock_item": {
          "item_id": 14425,
          "product_id": 17814,
          "qty": 152,
          "is_in_stock": true,
          "max_sale_qty": 24
        },
        "original_price": 130000,
        "min_price": 130000,
        "brand_name": "LIFEBUOY",
        "brand_id": 662,
        "brand_image": "ves/brand/LePetitOlivier.jpg",
        "vendor_name": "Lotte Mart Nam Sai Gon",
        "vendor_id": 149,
        "vendor_city": "",
        "vendor_rating": "0",
        "vendor_reviews_count": "0",
        "vendor_membership": "Lotte Mart Ho Chi Minh",
        "category": "409,1388,2337,3539,3541,3819,6909,6910,6915,6932,6934",
        "product_label": [
          {
            "icon": "https://d1710i1dsqwesz.cloudfront.net/media/amasty/amlabel/LTMSAIGON.jpg",
            "value": ""
          }
        ]
      },
      "product_links": [],
      "options": [],
      "tier_prices": [],
      "custom_attributes": [
        {
          "attribute_code": "description",
          "value": "<p><strong>Sữa Tắm Lifebouy Chăm S&oacute;c Da Chai 850G</strong>&nbsp;l&agrave; một sản phẩm của thương hiệu Lifebouy, c&oacute; t&aacute;c dụng diệt khuẩn cao v&agrave; rất được ưa chuộng tr&ecirc;n thị trường. Sản phẩm kh&ocirc;ng chứa h&oacute;a chất độc hại, an to&agrave;n cho người sử dụng. Tinh chất sữa trong sản phẩm gi&uacute;p giữ ẩm v&agrave; l&agrave;m mịn da.<br /><strong>Đặc điểm nổi bật</strong></p>\r\n<ul>\r\n<li>Sữa Tắm Lifebouy Chăm S&oacute;c Da 850G l&agrave; một sản phẩm của thương hiệu Lifebouy, đươc sản xuất tr&ecirc;n d&acirc;y chuyền c&ocirc;ng nghệ hiện đại, qua kiểm tra chất lượng nghi&ecirc;m ngặt. Sản phẩm cos t&aacute;c dụng diệt khuẩn cao v&agrave; rất được người ti&ecirc;u d&ugrave;ng ưa chuộng, tin tưởng. Sản phẩm kh&ocirc;ng chứa c&aacute;c h&oacute;a chất độc hại, g&acirc;y tổn thương cho l&agrave;n da.&nbsp;</li>\r\n<li>Đặc biệt, tinh chất sữa c&oacute; trong sản phẩm gi&uacute;p giữ ẩm, l&agrave;m mềm v&agrave; mịn da. B&ecirc;n cạnh đ&oacute;, sản phẩm c&oacute; m&ugrave;i hương dễ chịu, tạo cảm gi&aacute;c thoải m&aacute;i khi sử dụng. Với th&agrave;nh phần diệt khuẩn ti&ecirc;n tiến, sản phẩm l&agrave;m sạch v&agrave; bảo vệ l&agrave;n da khỏi 10 loại vi khuẩn c&oacute; hại cho sức khỏe. Sản phẩm c&oacute; dung t&iacute;ch lớn, gi&uacute;p bạn tiết kiệm hơn so với sản phẩm kh&aacute;c c&ugrave;ng loại. N&ecirc;n sử dụng sản phẩm khi tắm mỗi ng&agrave;y để đạt kết quả tốt nhất.</li>\r\n<li>Sữa Tắm Lifebouy Chăm S&oacute;c Da 850G được đ&oacute;ng trong chai k&iacute;n, c&oacute; dạng lỏng, thuận lợi cho việc sử dụng v&agrave; giữ cho chất lượng sản phẩm lu&ocirc;n tốt nhất.</li>\r\n</ul>\r\n<p><strong>Th&ocirc;ng tin thương hiệu</strong><br />Lifebouy l&agrave; một trong những thương hiệu l&acirc;u đời nhất của Unilever v&agrave; c&oacute; mặt ở Việt Nam từ kh&aacute; sớm. N&oacute;i đến Lifebuoy, người ta nghĩ ngay đến những sản phẩm diệt khuẩn an to&agrave;n, những chương tr&igrave;nh ph&uacute;c lợi x&atilde; hội do Lifebuoy t&agrave;i trợ c&ugrave;ng c&aacute;c cam kết đồng h&agrave;nh v&agrave; bảo vệ sức khỏe cho người ti&ecirc;u d&ugrave;ng.</p>"
        },
        {
          "attribute_code": "image",
          "value": "/1/4/149_1482294095_8934868111801-1-lifebuoy-sua-tam-cham-soc-da-850g.jpg"
        },
        {
          "attribute_code": "small_image",
          "value": "/1/4/149_1482294095_8934868111801-1-lifebuoy-sua-tam-cham-soc-da-850g.jpg"
        },
        {
          "attribute_code": "thumbnail",
          "value": "/1/4/149_1482294095_8934868111801-1-lifebuoy-sua-tam-cham-soc-da-850g.jpg"
        },
        {
          "attribute_code": "required_options",
          "value": "0"
        },
        {
          "attribute_code": "country_of_manufacture",
          "value": "1313"
        },
        {
          "attribute_code": "is_returnable",
          "value": "1"
        },
        {
          "attribute_code": "udropship_vendor",
          "value": "149"
        },
        {
          "attribute_code": "product_brand",
          "value": "662"
        },
        {
          "attribute_code": "product_approve",
          "value": "1"
        },
        {
          "attribute_code": "on_deal",
          "value": "0"
        },
        {
          "attribute_code": "packaging_weight",
          "value": "0.4"
        },
        {
          "attribute_code": "packaging_height",
          "value": "26"
        },
        {
          "attribute_code": "packaging_length",
          "value": "20"
        },
        {
          "attribute_code": "packaging_width",
          "value": "15"
        },
        {
          "attribute_code": "accept_installment",
          "value": "0"
        },
        {
          "attribute_code": "wide_image",
          "value": "/s/_/s_a-t_m-lifebouy-ch_m-s_c-da-chai-850g.jpg"
        },
        {
          "attribute_code": "md_comment",
          "value": "Tác dụng diệt khuần cao. Giữ ẩm và làm mịn da"
        },
        {
          "attribute_code": "md_background_color",
          "value": "#b7b7b7"
        }
      ]
    },
    {
      "id": 300769,
      "sku": "603-0300769",
      "name": "Bộ Khoan Đa Năng DIY 103 Chi Tiết",
      "attribute_set_id": 51,
      "price": 1390000,
      "status": 1,
      "visibility": 4,
      "type_id": "simple",
      "created_at": "2017-04-03 03:24:02",
      "updated_at": "2017-06-26 09:45:50",
      "extension_attributes": {
        "stock_item": {
          "item_id": 290342,
          "product_id": 300769,
          "qty": 32,
          "is_in_stock": true,
          "max_sale_qty": 500
        },
        "original_price": 1390000,
        "min_price": 669000,
        "brand_name": "DIY",
        "brand_id": 2742,
        "brand_image": "",
        "vendor_name": "Ngôi Nhà Số",
        "vendor_id": 1007,
        "vendor_city": "",
        "vendor_rating": "0",
        "vendor_reviews_count": "0",
        "vendor_membership": "Dropship Seller",
        "category": "368,2337,6444,6445,6727,6729,6831,6832,6879,6882,7084,7088,7092",
        "product_label": [
          {
            "icon": "https://d1710i1dsqwesz.cloudfront.net/media/amasty/amlabel/Ellipse-45.png",
            "value": "52%"
          }
        ]
      },
      "product_links": [],
      "options": [],
      "tier_prices": [],
      "custom_attributes": [
        {
          "attribute_code": "description",
          "value": "<ul>\r\n<li><strong>Th&ocirc;ng số sản phẩm</strong></li>\r\n</ul>\r\n<p>M&agrave;u sắc: Đen<br />Chất liệu: Nhựa, th&eacute;p<br />Điện &aacute;p: 230 (V)<br />C&ocirc;ng suất: 550 (W)</p>\r\n<ul>\r\n<li><strong>Trọn bộ sản phẩm gồm 103 m&oacute;n chuy&ecirc;n dụng t<strong>ất cả được xếp gọn nhẹ trong một chiếc hộp nhựa chịu lực v&agrave; chịu nhiệt tốt.</strong></strong></li>\r\n</ul>\r\n<p>Một m&aacute;y khoan động lực DIY thiết kế nhỏ gọn, m&ocirc; tơ mạnh mẽ với c&ocirc;ng suất 550W đ&aacute;p ứng tối đa v&agrave; linh hoạt nhiều y&ecirc;u cầu c&ocirc;ng việc tr&ecirc;n nhiều bề mặt chất liệu kh&aacute;c nhau<br />Bốn mũi khoan gỗ, kim loại sắt b&eacute;n.<br />Hai mũi khoan tường, gạch bằng th&eacute;p kh&ocirc;ng rĩ cứng chắc.<br />Hai kiềm: Kiềm cắt v&agrave; kiềm mũi nhọn<br />Một b&uacute;a, một cưa tay nhỏ,<br />11 đầu tuốt v&iacute;t<br />7 đầu điếu mở kh&oacute;a (4,5,6,7,8,9mm)<br />Thước đo<br />Mỏ lết<br />Bốn v&iacute;t ngắn v&agrave; d&agrave;i<br />1 v&iacute;t thử điện<br />Một dao, 1 k&igrave;m tuốt d&acirc;y điện,<br />Đầu v&iacute;t xoay v&agrave; 4 đầu v&iacute;t xoay, 30 ốc v&iacute;t, 30 tắc k&ecirc;, 1 ch&igrave; kẻ, 1 thước đo chiều s&acirc;u cho m&aacute;y khoan, một tay cầm định hướng cho m&aacute;y khoan.</p>\r\n<p style=\"text-align: center;\"><img src=\"https://vcdn.tikicdn.com/media/catalog/product/d/i/diy103%20(6).u2566.d20160831.t083434.423191.jpg\" alt=\"\" width=\"750\" height=\"500\" /><br /><strong><br /></strong></p>\r\n<ul>\r\n<li><strong>Chất liệu cứng c&aacute;p, khả năng chịu lực tốt</strong></li>\r\n</ul>\r\n<p>Bộ m&aacute;y khoan D.I.Y 103 m&oacute;n Vone 550W (Đen) được l&agrave;m từ chất liệu cứng c&aacute;p với độ bền cao c&ugrave;ng khả năng chịu lực, chịu nhiệt tốt, cũng như kh&ocirc;ng bị ăn m&ograve;n hay gỉ s&eacute;t dưới mọi t&aacute;c động của thời tiết, cho thời gian sử dụng l&acirc;u d&agrave;i.</p>\r\n<p style=\"text-align: center;\"><img src=\"https://cdn02.static-adayroi.com/0/2016/06/06/1465211393587_3233555.jpg\" alt=\"\" width=\"800\" height=\"370\" /></p>\r\n<ul>\r\n<li><strong>Động cơ mạnh mẽ, dễ d&agrave;ng thực hiện thao t&aacute;c</strong></li>\r\n</ul>\r\n<p>Thiết kế chuy&ecirc;n dụng v&agrave; tiện lợi với c&ocirc;ng suất mạnh mẽ 550W c&ugrave;ng tốc độ 2800 v&ograve;ng/ph&uacute;t kết hợp chức năng điều khiển tốc độ điện tử ch&iacute;nh x&aacute;c, gi&uacute;p bạn khoan những vật dụng bằng gỗ, kim loại dễ d&agrave;ng v&agrave; hiệu quả. B&ecirc;n cạnh đ&oacute;, tấm chải xoay được t&iacute;ch hợp sẵn sẽ đảm bảo mức c&ocirc;ng suất hoạt động kh&ocirc;ng hề thay đổi khi bạn thực hiện c&aacute;c thao t&aacute;c l&ugrave;i hoặc tiến.</p>\r\n<p style=\"text-align: center;\"><img src=\"https://vcdn.tikicdn.com/media/catalog/product/d/i/diy103%20(8).u2566.d20160831.t083434.470229.jpg\" alt=\"\" width=\"750\" height=\"500\" /></p>\r\n<ul>\r\n<li><strong>Tay cầm chắc chắn, vừa vặn kết hợp tay nắm phụ tiện lợi</strong></li>\r\n</ul>\r\n<p>Phần tay cầm của m&aacute;y được thiết kế chắc chắn, vừa vặn v&agrave; c&oacute; độ ma s&aacute;t cao, gi&uacute;p hạn chế trơn trượt, tạo cảm gi&aacute;c thoải m&aacute;i khi thực hiện c&ocirc;ng việc. B&ecirc;n cạnh đ&oacute;, m&aacute;y c&ograve;n được trang bị tay nắm phụ c&oacute; chốt chặn độ s&acirc;u, gi&uacute;p bạn điều khiển được tốt hơn, dễ d&agrave;ng hơn v&agrave; an to&agrave;n hơn.</p>\r\n<p style=\"text-align: center;\"><img src=\"https://vcdn.tikicdn.com/media/catalog/product/d/i/diy103%20(10).u2566.d20160831.t083434.514465.jpg\" alt=\"\" width=\"750\" height=\"500\" /></p>\r\n<ul>\r\n<li><strong>T&iacute;ch hợp nhiều chi tiết c&oacute; t&aacute;c dụng hỗ trợ tối ưu cho c&ocirc;ng việc</strong></li>\r\n</ul>\r\n<p>Bộ m&aacute;y khoan New DIY Vone gồm 103 chi tiết với c&aacute;c loại mũi v&iacute;t, mũi khoan tường, mũi khoan sắt... sẽ g&oacute;p phần hỗ trợ tối ưu cho c&ocirc;ng việc của bạn. Ngo&agrave;i ra, với hộp đựng lớn tiện lợi, bạn c&oacute; thể thuận tiện cất giữ v&agrave; bảo quản sau mỗi lần sử dụng hoặc mang theo khi cần thiết.</p>\r\n<p style=\"text-align: center;\"><img src=\"https://vcdn.tikicdn.com/media/catalog/product/d/i/diy103%20(9).u2566.d20160831.t083434.492751.jpg\" alt=\"\" width=\"750\" height=\"500\" /></p>"
        },
        {
          "attribute_code": "image",
          "value": "/b/o/bo-khoan-103-chi-tiet-6261-4246222-dca10c4367b0a875d2b6ac462f7b2665.jpg"
        },
        {
          "attribute_code": "small_image",
          "value": "/b/o/bo-khoan-103-chi-tiet-6261-4246222-dca10c4367b0a875d2b6ac462f7b2665.jpg"
        },
        {
          "attribute_code": "thumbnail",
          "value": "/b/o/bo-khoan-103-chi-tiet-6261-4246222-dca10c4367b0a875d2b6ac462f7b2665.jpg"
        },
        {
          "attribute_code": "required_options",
          "value": "0"
        },
        {
          "attribute_code": "country_of_manufacture",
          "value": "1062"
        },
        {
          "attribute_code": "is_returnable",
          "value": "1"
        },
        {
          "attribute_code": "udropship_vendor",
          "value": "1007"
        },
        {
          "attribute_code": "product_brand",
          "value": "2742"
        },
        {
          "attribute_code": "product_approve",
          "value": "1"
        },
        {
          "attribute_code": "on_deal",
          "value": "1"
        },
        {
          "attribute_code": "on_deal_from",
          "value": "2017-04-26 00:00:00"
        },
        {
          "attribute_code": "on_deal_to",
          "value": "2017-05-30 00:00:00"
        },
        {
          "attribute_code": "packaging_weight",
          "value": "4.4"
        },
        {
          "attribute_code": "packaging_height",
          "value": "40"
        },
        {
          "attribute_code": "packaging_length",
          "value": "30"
        },
        {
          "attribute_code": "packaging_width",
          "value": "8"
        },
        {
          "attribute_code": "accept_installment",
          "value": "0"
        },
        {
          "attribute_code": "wide_image",
          "value": "/b/_/b_-khoan-_a-n_ng-diy-103-chi-ti_t_1.jpg"
        },
        {
          "attribute_code": "max_sold",
          "value": "100"
        },
        {
          "attribute_code": "md_comment",
          "value": "Thiết kế nhỏ gọn. Đáp ứng linh hoạt mọi nhu cầu"
        },
        {
          "attribute_code": "md_background_color",
          "value": "#b7b7b7"
        }
      ]
    },
    {
      "id": 341703,
      "sku": "603-0341703",
      "name": "Bộ 03 Hộp Thủy Tinh Glasslock Hình Chữ Nhật 400 + 1000 + 2000 ml",
      "attribute_set_id": 51,
      "price": 662000,
      "status": 1,
      "visibility": 4,
      "type_id": "simple",
      "created_at": "2017-05-10 09:03:01",
      "updated_at": "2017-06-26 09:47:54",
      "extension_attributes": {
        "stock_item": {
          "item_id": 331125,
          "product_id": 341703,
          "qty": 49,
          "is_in_stock": true,
          "max_sale_qty": 500
        },
        "original_price": 662000,
        "min_price": 385000,
        "brand_name": "Glasslock",
        "brand_id": 1663,
        "brand_image": "ves/brand/LOGO_glasslocks.jpg",
        "vendor_name": "THỦY TINH HÀN QUỐC - GLASSLOCK",
        "vendor_id": 1083,
        "vendor_city": "",
        "vendor_rating": "0",
        "vendor_reviews_count": "0",
        "vendor_membership": "Dropship Seller",
        "category": "2337,4867,6664",
        "product_label": [
          {
            "icon": "https://d1710i1dsqwesz.cloudfront.net/media/amasty/amlabel/Ellipse-45.png",
            "value": "42%"
          }
        ]
      },
      "product_links": [],
      "options": [],
      "tier_prices": [],
      "custom_attributes": [
        {
          "attribute_code": "description",
          "value": "<p><strong><span style=\"font-size: large;\">Đặc điểm nổi bật&nbsp;</span></strong></p>\r\n<p>Được sản xuất ho&agrave;n to&agrave;n từ những nguy&ecirc;n liệu tự nhi&ecirc;n. Sản phẩm c&oacute; thể chịu được c&aacute;c thay đổi nhiệt độ của m&ocirc;i trường, sử dụng được trong: l&ograve; vi s&oacute;ng, m&aacute;y rửa b&aacute;t v&agrave; ngăn đ&aacute; tủ lạnh m&agrave; kh&ocirc;ng sản sinh ra c&aacute;c chất độc hại cho sức khỏe người d&ugrave;ng.</p>\r\n<p>Nắp hộp được sản xuất bằng PP kh&aacute;ng khuẩn, gioăng silicon chắc chắn, kh&ocirc;ng chỉ gi&uacute;p đậy k&iacute;n m&agrave; c&ograve;n ngăn ngừa sự sinh s&ocirc;i của vi khuẩn gi&uacute;p bảo quản thực phẩm tươi ngon l&acirc;u hơn.&nbsp;C&aacute;c cạnh xung quanh hộp c&oacute; 4 kh&oacute;a để giữ nắp kh&ocirc;ng bật ra, tăng độ k&iacute;n kh&iacute;, chống oxy h&oacute;a gi&uacute;p bảo quản thực phẩm b&ecirc;n trong một c&aacute;ch tốt nhất.</p>\r\n<p>Bạn sẽ bị ấn tượng bởi lớp thủy tinh rất d&agrave;y, trong suốt v&agrave; lu&ocirc;n s&aacute;ng b&oacute;ng. Bề mặt l&aacute;ng mịn, kh&ocirc;ng hề t&igrave; vết, kh&ocirc;ng c&oacute; bọt kh&iacute; b&ecirc;n trong thể hiện chất lượng thủy tinh cao, đồng thời mang lại cảm gi&aacute;c vệ sinh v&agrave; sạch sẽ cho người sử dụng.</p>\r\n<p>C&aacute;c g&oacute;c hộp được bo tr&ograve;n khiến người d&ugrave;ng kh&ocirc;ng phải mất qu&aacute; nhiều c&ocirc;ng sức để cọ rửa v&agrave; giữ cho sản phẩm lu&ocirc;n sạch đẹp như mới. Thiết kế tinh tế với nắp m&agrave;u trắng tr&ecirc;n th&acirc;n thủy tinh s&aacute;ng b&oacute;ng sẽ mang lại vẻ đẹp hiện đại cho căn bếp gia đ&igrave;nh bạn.</p>\r\n<p>C&ocirc;ng dụng đa năng<br />Với thiết kế khoa học, bộ 3 hộp Glasslock c&oacute; thể sử dụng đa mục đ&iacute;ch như bảo quản thực phẩm trong tủ lạnh, l&agrave;m hộp cơm văn ph&ograve;ng tiện dụng, hay d&ugrave;ng để đựng thực phẩm dự trữ cho những chuyến d&atilde; ngoại, picnic c&ugrave;ng bạn b&egrave;, người th&acirc;n&hellip;</p>\r\n<p style=\"text-align: center;\"><img src=\"https://d1ibm7nofgdn3g.cloudfront.net/glasslock-bo-hop-thuy-tinh-dung-thuc-an-3-mon-400-1000-2000ml-gl135-400-490-ml-3602-720-950ml-GL435HLAA3IW5AVNAMZ-6227196.jpg\" alt=\"Kết quả h&igrave;nh ảnh cho Bộ 03 hộp thủy tinh Glasslock h&igrave;nh chữ nhật 400 + 1000 + 2000ml\" /></p>\r\n<h3><span style=\"font-size: large;\"><strong>Hướng dẫn sử dụng&nbsp;</strong></span></h3>\r\n<p>Mở nắp sản phẩm khi sử dụng trong l&ograve; vi s&oacute;ng.</p>\r\n<p>N&ecirc;n rửa sạch v&agrave; để kh&ocirc; ngay sau khi sử dụng xong.</p>\r\n<p>Nếu để hộp trong tủ đ&ocirc;ng/ngăn đ&aacute; tủ lạnh, chờ 1-2 ph&uacute;t để mở hộp để tr&aacute;nh t&igrave;nh trạng kh&oacute;a hộp bị nứt, g&atilde;y.</p>\r\n<p style=\"text-align: center;\"><img src=\"http://vn-live-02.slatic.net/p/3/bo-3-hop-dung-thuy-tinh-hinh-chu-nhat-glasslock-2331-5017712-b982e0cdb2c9c785895f9ee9a0ffdc20-catalog_233.jpg\" alt=\"H&igrave;nh ảnh c&oacute; li&ecirc;n quan\" /></p>"
        },
        {
          "attribute_code": "image",
          "value": "/b/o/bo-thuy-tinh-sieu-ben-Glass-lock-GL135-6.jpg"
        },
        {
          "attribute_code": "small_image",
          "value": "/b/o/bo-thuy-tinh-sieu-ben-Glass-lock-GL135-6.jpg"
        },
        {
          "attribute_code": "thumbnail",
          "value": "/b/o/bo-thuy-tinh-sieu-ben-Glass-lock-GL135-6.jpg"
        },
        {
          "attribute_code": "required_options",
          "value": "0"
        },
        {
          "attribute_code": "country_of_manufacture",
          "value": "579"
        },
        {
          "attribute_code": "is_returnable",
          "value": "1"
        },
        {
          "attribute_code": "udropship_vendor",
          "value": "1083"
        },
        {
          "attribute_code": "product_brand",
          "value": "1663"
        },
        {
          "attribute_code": "product_approve",
          "value": "1"
        },
        {
          "attribute_code": "on_deal",
          "value": "0"
        },
        {
          "attribute_code": "packaging_weight",
          "value": "2.1"
        },
        {
          "attribute_code": "packaging_height",
          "value": "8"
        },
        {
          "attribute_code": "packaging_length",
          "value": "24.6"
        },
        {
          "attribute_code": "packaging_width",
          "value": "20"
        },
        {
          "attribute_code": "accept_installment",
          "value": "0"
        },
        {
          "attribute_code": "wide_image",
          "value": "/b/_/b_-03-h_p-th_y-tinh-glasslock-h_nh-ch_-nh_t_1_.jpg"
        },
        {
          "attribute_code": "md_comment",
          "value": "Lớp thủy tinh dày dặn. Bảo quản thực phẩm tốt hơn"
        },
        {
          "attribute_code": "md_background_color",
          "value": "#b7b7b7"
        }
      ]
    },
    {
      "id": 26694,
      "sku": "812-0026694",
      "name": "Sữa Đặc Ngôi Sao Phương Nam Xanh Dương Lon 380G",
      "attribute_set_id": 60,
      "price": 16600,
      "status": 1,
      "visibility": 4,
      "type_id": "simple",
      "created_at": "2016-09-23 12:47:56",
      "updated_at": "2017-06-26 09:49:21",
      "extension_attributes": {
        "stock_item": {
          "item_id": 21558,
          "product_id": 26694,
          "qty": 1936,
          "is_in_stock": true,
          "max_sale_qty": 12
        },
        "original_price": 16600,
        "min_price": 15300,
        "brand_name": "NGÔI SAO PHƯƠNG NAM",
        "brand_id": 1344,
        "brand_image": "ves/brand/NGOISAOPHUONGNAM.png",
        "vendor_name": "Lotte Mart Nam Sai Gon",
        "vendor_id": 149,
        "vendor_city": "",
        "vendor_rating": "0",
        "vendor_reviews_count": "0",
        "vendor_membership": "Lotte Mart Ho Chi Minh",
        "category": "608,627,1161,2337,3284,3285,3291,3295,3643,3648,3680,4014,5290,5293,5418,5444,5475,5490,6259,6274,6419,6461,6471,6909,6913,7076,7077",
        "product_label": [
          {
            "icon": "https://d1710i1dsqwesz.cloudfront.net/media/amasty/amlabel/LTMSAIGON.jpg",
            "value": ""
          },
          {
            "icon": "https://d1710i1dsqwesz.cloudfront.net/media/amasty/amlabel/Ellipse-45.png",
            "value": "8%"
          }
        ]
      },
      "product_links": [],
      "options": [],
      "tier_prices": [],
      "custom_attributes": [
        {
          "attribute_code": "description",
          "value": "<p><strong>Sữa Đặc Ng&ocirc;i Sao Phương Nam Xanh Dương Lon 380G&nbsp;</strong>l&agrave; một trong những sản phẩm quen thuộc, được ưa th&iacute;ch của Vinamilk. Sữa được l&agrave;m từ sữa bột hảo hạng c&ugrave;ng c&ocirc;ng thức mới mang đến những hương vị thơm ngon, s&aacute;nh đặc hơn. Th&ecirc;m v&agrave;o đ&oacute;, sản phẩm cũng c&oacute; gi&aacute; cả ph&ugrave; hợp với người ti&ecirc;u d&ugrave;ng.<br /> <strong></strong></p>\r\n<p><strong>Đặc điểm nổi bật</strong></p>\r\n<ul>\r\n<li>Sữa Đặc Ng&ocirc;i Sao Phương Nam Xanh Dương Sữa được l&agrave;m từ sữa bột hảo hạng c&ugrave;ng c&ocirc;ng thức mới mang đến những hương vị thơm ngon, s&aacute;nh đặc hơn. Sản phẩm được sản xuất dưới quy tr&igrave;nh c&ocirc;ng nghệ hiện đại, đạt chỉ ti&ecirc;u về vệ sinh an to&agrave;n thực phẩm, đảm bảo cho sức khỏe người sử dụng.</li>\r\n<li>Sữa c&oacute; hương vị thơm nồng c&ugrave;ng độ b&eacute;o v&agrave; ngọt vừa phải, đặc biệt th&iacute;ch hợp khi pha c&ugrave;ng với c&agrave; ph&ecirc;. Th&ecirc;m v&agrave;o đ&oacute;, sản phẩm cũng c&oacute; gi&aacute; cả ph&ugrave; hợp với người ti&ecirc;u d&ugrave;ng. Ngo&agrave;i ra, sản phẩm c&ograve;n c&oacute; thể d&ugrave;ng để pha chế c&aacute;c m&oacute;n sinh tố, ch&egrave;, kem... hoặc d&ugrave;ng trực tiếp k&egrave;m với b&aacute;nh m&igrave; cũng rất tuyệt vời.</li>\r\n<li>Sữa Đặc Ng&ocirc;i Sao Phương Nam Xanh Dương bổ sung th&ecirc;m nhiều chất dinh dưỡng v&agrave; năng lượng cần thiết cho một ng&agrave;y năng động. Sản phẩm được đ&oacute;ng g&oacute;i trong lon với bao b&igrave; m&agrave;u xanh dương thiết kế bắt mắt, tiện lợi cho việc bảo quản.</li>\r\n</ul>\r\n<p><strong><br /></strong></p>\r\n<p><strong>Th&ocirc;ng tin thương hiệu</strong><br /> C&ocirc;ng ty cổ phần Sữa Việt Nam Vinamilk được đ&aacute;nh gi&aacute; l&agrave; nh&atilde;n hiệu dẫn đầu tại Việt Nam th&ocirc;ng qua 3 hạng mục: h&agrave;ng ti&ecirc;u d&ugrave;ng nhanh, nước giải kh&aacute;t v&agrave; thực phẩm. Vinamilk lu&ocirc;n kh&ocirc;ng ngừng đổi mới c&ocirc;ng nghệ, đầu tư cơ sở hạ tầng, đa dạng h&oacute;a sản phẩm để mang tới kh&aacute;ch h&agrave;ng nhiều sản phẩm chất lượng tốt nhất. C&ocirc;ng ty cổ phần Sữa Việt Nam (Vinamilk) hiện c&oacute; tr&ecirc;n 200 mặt h&agrave;ng sữa v&agrave; sản phẩm từ sữa như: sữa đặc, sữa bột, bột dinh dưỡng, sữa tươi, sữa chua uống, sữa chua l&ecirc;n men, kem... rất được ưa chu&ocirc;ng tr&ecirc;n thị trường. Những hoạt động s&ocirc;i nổi tr&ecirc;n thị trường nước ngo&agrave;i trong thời gian gần đ&acirc;y ch&iacute;nh l&agrave; những quả ngọt của Vinamilk sau những nỗ lực bền bỉ của 40 năm h&igrave;nh th&agrave;nh v&agrave; ph&aacute;t triển.</p>"
        },
        {
          "attribute_code": "image",
          "value": "/8/9/8934673300155_1.jpg"
        },
        {
          "attribute_code": "small_image",
          "value": "/8/9/8934673300155_1.jpg"
        },
        {
          "attribute_code": "thumbnail",
          "value": "/8/9/8934673300155_1.jpg"
        },
        {
          "attribute_code": "required_options",
          "value": "0"
        },
        {
          "attribute_code": "country_of_manufacture",
          "value": "577"
        },
        {
          "attribute_code": "is_returnable",
          "value": "1"
        },
        {
          "attribute_code": "udropship_vendor",
          "value": "149"
        },
        {
          "attribute_code": "product_brand",
          "value": "1344"
        },
        {
          "attribute_code": "product_approve",
          "value": "1"
        },
        {
          "attribute_code": "on_deal",
          "value": "0"
        },
        {
          "attribute_code": "packaging_weight",
          "value": "0.45"
        },
        {
          "attribute_code": "packaging_height",
          "value": "9"
        },
        {
          "attribute_code": "packaging_length",
          "value": "11"
        },
        {
          "attribute_code": "packaging_width",
          "value": "9"
        },
        {
          "attribute_code": "accept_installment",
          "value": "0"
        },
        {
          "attribute_code": "wide_image",
          "value": "/s/_/s_a-_c-ng_i-sao-ph_ng-nam-xanh-d_ng-lon-380g_1_.jpg"
        },
        {
          "attribute_code": "md_comment",
          "value": "Làm từ sữa bột hảo hạng. Thêm nhiều dưỡng chất"
        },
        {
          "attribute_code": "md_background_color",
          "value": "#b7b7b7"
        }
      ]
    },
    {
      "id": 381899,
      "sku": "381899",
      "name": "Samsung Galaxy J7 Pro 32GB - Hàng Phân Phối Chính Hãng",
      "attribute_set_id": 66,
      "price": 0,
      "status": 1,
      "visibility": 4,
      "type_id": "configurable",
      "created_at": "2017-06-20 02:42:14",
      "updated_at": "2017-06-28 02:05:58",
      "extension_attributes": {
        "stock_item": {
          "item_id": 371165,
          "product_id": 381899,
          "qty": 20,
          "is_in_stock": true,
          "max_sale_qty": 500
        },
        "original_price": 6990000,
        "min_price": 6990000,
        "brand_name": "Samsung",
        "brand_id": 23,
        "brand_image": "ves/brand/SAMSUNG.jpg",
        "vendor_name": "Chính Hãng FPT",
        "vendor_id": 1161,
        "vendor_city": "",
        "vendor_rating": "0",
        "vendor_reviews_count": "0",
        "vendor_membership": "Dropship Seller",
        "category": "687,2337",
        "installment_percent": "0",
        "installment_amount": "582500",
        "product_label": [
          {
            "icon": "https://d1710i1dsqwesz.cloudfront.net/media/amasty/amlabel/Big_gayvoucher.png",
            "value": ""
          },
          {
            "icon": "https://d1710i1dsqwesz.cloudfront.net/media/amasty/amlabel/Voucher_code_2006.png",
            "value": ""
          }
        ]
      },
      "product_links": [],
      "options": [],
      "tier_prices": [],
      "custom_attributes": [
        {
          "attribute_code": "description",
          "value": "<p><span style=\"font-size: medium;\"><iframe src=\"https://www.youtube.com/embed/Zoo7PswUzjk\" frameborder=\"0\" width=\"900\" height=\"506\"></iframe></span></p>\r\n<ul>\r\n<li><span style=\"font-size: medium;\"><strong>Thiết kế đẳng cấp từ kim loại nguy&ecirc;n khối</strong></span></li>\r\n</ul>\r\n<p><span style=\"font-size: medium;\">Điện Thoại Samsung&nbsp;Galaxy J7 Pro - H&agrave;ng Ch&iacute;nh H&atilde;ng&nbsp;c&oacute; thiết kế kh&aacute; bắt mắt với phần khung được thiết kế từ kim loại nguy&ecirc;n khối, lớp k&iacute;nh&nbsp;cong 2.5D, độ d&agrave;y chỉ 7mm mang lại vẻ đẹp ho&agrave;n thiện v&agrave; tăng sự sang trọng, đẳng cấp cho người sở hữu. Ngo&agrave;i ra, c&aacute;c cạnh mặt sau bo tr&ograve;n tiện cho việc cầm nắm v&agrave; tạo cảm gi&aacute;c mềm mại hơn.</span></p>\r\n<p><span style=\"font-size: medium;\"><img style=\"display: block; margin-left: auto; margin-right: auto;\" title=\"Điện thoại Samsung Galaxy J7 Pro - H&agrave;ng Ch&iacute;nh H&atilde;ng\" src=\"https://tikicdn.com/media/catalog/product/t/h/thiet-ke-v2.u3059.d20170613.t112100.53774.jpg\" alt=\"Điện thoại Samsung Galaxy J7 Pro - H&agrave;ng Ch&iacute;nh H&atilde;ng\" width=\"1000\" height=\"557\" /></span></p>\r\n<p><span style=\"font-size: medium;\">Phi&ecirc;n bản Galaxy thế hệ mới sẽ mang đến cho người d&ugrave;ng 3 sự lựa chọn: đen huyền sang trọng v&agrave; mạnh mẽ, v&agrave;ng kim tỏa s&aacute;ng v&agrave; xanh &aacute;nh bạc thời thượng.</span></p>\r\n<ul>\r\n<li><span style=\"font-size: medium;\"><strong>M&agrave;n h&igrave;nh 5.5 inch Full HD hiển thị sắc n&eacute;t</strong></span></li>\r\n</ul>\r\n<p><span style=\"font-size: medium;\">Thiết kế m&agrave;n h&igrave;nh 5.5 inch c&ocirc;ng nghệ&nbsp;AMOLED&nbsp;Full HD, Galaxy J7 Pro cho khả năng hiển thị rất tốt dưới &aacute;nh nắng, cho chất lượng ảnh chi tiết, rực rỡ v&agrave; sắc n&eacute;t gi&uacute;p trải nghiệm của người d&ugrave;ng được n&acirc;ng cao hơn.</span></p>\r\n<p><span style=\"font-size: medium;\"><img title=\"Điện thoại Samsung Galaxy J7 Pro - H&agrave;ng Ch&iacute;nh H&atilde;ng\" src=\"data:image/gif;base64,R0lGODlhAQABAIAAAP///wAAACH5BAEAAAAALAAAAAABAAEAAAICRAEAOw==\" alt=\"Điện thoại Samsung Galaxy J7 Pro - H&agrave;ng Ch&iacute;nh H&atilde;ng\" data-src=\"Điện thoại Samsung Galaxy J7 Pro - H&agrave;ng Ch&iacute;nh H&atilde;ng\" /><img title=\"Điện thoại Samsung Galaxy J7 Pro - H&agrave;ng Ch&iacute;nh H&atilde;ng\" src=\"https://tikicdn.com/media/catalog/product/j/7/j7pro-preorder-kv-v1.u3059.d20170613.t112936.249930.jpg\" alt=\"Điện thoại Samsung Galaxy J7 Pro - H&agrave;ng Ch&iacute;nh H&atilde;ng\" width=\"1000\" height=\"593\" /></span></p>\r\n<ul>\r\n<li><span style=\"font-size: medium;\"><strong>Camera&nbsp;độ ph&acirc;n giải lớn, c&oacute; khả năng chinh phục b&oacute;ng tối</strong></span></li>\r\n</ul>\r\n<p><span style=\"font-size: medium;\">Galaxy J7 Pro ch&iacute;nh h&atilde;ng sở hữu bộ đ&ocirc;i camera kh&aacute; đặc biệt với độ ph&acirc;n giải trước 13MP v&agrave; sau 13MP. Camera sau&nbsp;ống k&iacute;nh&nbsp;khẩu độ lớn f/1.7 c&oacute; khả năng tự động lấy n&eacute;t kể cả trong điều kiện thiếu s&aacute;ng cho bức ảnh đẹp v&agrave; chi tiết. Ống kinh của J7 Pro gi&uacute;p bạn tự tin lưu lại mọi khoảnh khắc từ cuộc sống đời thường, những sự kiện đặc biệt hay những chuyến h&agrave;nh tr&igrave;nh của ch&iacute;nh m&igrave;nh c&ugrave;ng gia đ&igrave;nh hay với bạn b&egrave;.</span></p>\r\n<p><span style=\"font-size: medium;\"><img title=\"Điện thoại Samsung Galaxy J7 Pro - H&agrave;ng Ch&iacute;nh H&atilde;ng\" src=\"https://tikicdn.com/media/catalog/product/c/a/camera-sau-v2.u3059.d20170613.t112059.864648.jpg\" alt=\"Điện thoại Samsung Galaxy J7 Pro - H&agrave;ng Ch&iacute;nh H&atilde;ng\" width=\"1000\" height=\"544\" /></span></p>\r\n<p><span style=\"font-size: medium;\">Camera trước khẩu độ f/1.9 t&iacute;ch hợp đ&egrave;n LED flash, t&iacute;nh năng selfie bằng cảm ứng b&agrave;n tay v&agrave; c&aacute;c chế độ l&agrave;m đẹp được t&iacute;ch hợp sẵn để cho ra những bức ảnh ảo diệu.</span></p>\r\n<p><span style=\"font-size: medium;\"><img title=\"Điện thoại Samsung Galaxy J7 Pro - H&agrave;ng Ch&iacute;nh H&atilde;ng\" src=\"https://tikicdn.com/media/catalog/product/c/a/camera-truoc-v2.u3059.d20170613.t112059.919288.jpg\" alt=\"Điện thoại Samsung Galaxy J7 Pro - H&agrave;ng Ch&iacute;nh H&atilde;ng\" width=\"1000\" height=\"570\" /></span></p>\r\n<ul>\r\n<li><span style=\"font-size: medium;\"><strong>Hoạt động mượt m&agrave;, trải nghiệm nhanh ch&oacute;ng</strong></span></li>\r\n</ul>\r\n<p><span style=\"font-size: medium;\">Cấu h&igrave;nh Galayxy J7 Pro kh&aacute; ấn tượng với vi xử l&yacute;&nbsp;Exynos&nbsp;7870 8 nh&acirc;n, tốc độ xung nhịp 1.6GHz kết hợp 3GB RAM, 32GB bộ nhớ trong v&agrave; đ&acirc;y cũng l&agrave; chiếc&nbsp;điện thoại&nbsp;tầm trung đầy ti&ecirc;n chạy tr&ecirc;n hệ điều h&agrave;nh Android 7.0 Nougat mới nhất. Phần cứng mạnh mẽ gi&uacute;p cho c&aacute;c thao t&aacute;c đa nhiệm hoạt động mượt m&agrave;, kh&ocirc;ng bị lag, giật m&agrave;n h&igrave;nh.</span></p>\r\n<p><span style=\"font-size: medium;\">Dung lượng pin được n&acirc;ng cấp l&ecirc;n 3.600mAh cho bạn thỏa th&iacute;ch trải nghiệm mọi nội dung giải tr&iacute; hấp dẫn v&agrave; hoạt động xuy&ecirc;n suốt một ng&agrave;y d&agrave;i m&agrave; kh&ocirc;ng bị gi&aacute;n đoạn.</span></p>\r\n<p><span style=\"font-size: medium;\"><img title=\"Samsung Galaxy J7 Pro (32GB) - H&agrave;ng Ch&iacute;nh H&atilde;ng\" src=\"https://tikicdn.com/media/catalog/product/h/i/hieu-suat-v2.u3059.d20170613.t112059.961514.jpg\" alt=\"Samsung Galaxy J7 Pro (32GB) - H&agrave;ng Ch&iacute;nh H&atilde;ng\" width=\"1000\" height=\"697\" /></span></p>\r\n<ul>\r\n<li><span style=\"font-size: medium;\"><strong>C&aacute;c t&iacute;nh năng tiện &iacute;ch</strong></span></li>\r\n</ul>\r\n<p><span style=\"font-size: medium;\">T&iacute;nh năng&nbsp;Always On&nbsp;cao cấp từ c&aacute;c đ&agrave;n anh cũng được trang bị cho d&ograve;ng Galaxy J7 Pro gi&uacute;p người d&ugrave;ng c&oacute; thể theo d&otilde;i c&aacute;c nội dung cần thiết m&agrave; kh&ocirc;ng phải bật s&aacute;ng m&agrave;n h&igrave;nh như: b&aacute;o giờ, b&aacute;o tin nhắn, email đến, Facebook.</span></p>\r\n<p><span style=\"font-size: medium;\">Ngo&agrave;i ra, m&aacute;y c&ograve;n c&oacute; th&ecirc;m c&aacute;c t&iacute;nh năng đặc biệt như thư mục bảo mật ri&ecirc;ng, \"nh&acirc;n bản\" ứng dụng Facebook, Messenger... để d&ugrave;ng đồng thời 2 t&agrave;i khoản v&agrave; cảm biến v&acirc;n tay 1 chạm si&ecirc;u nhạy nhằm tối ưu h&oacute;a tối đa trải nghiệm của người d&ugrave;ng.</span></p>\r\n<p><span style=\"font-size: medium;\"><img title=\"Điện thoại Samsung Galaxy J7 Pro - H&agrave;ng Ch&iacute;nh H&atilde;ng\" src=\"https://tikicdn.com/media/catalog/product/s/a/samsung-galaxy-j7-pro-chinh-thuc-duoc-ra-mat-tai-viet-nam-1.u2769.d20170614.t053513.811297.jpg\" alt=\"Điện thoại Samsung Galaxy J7 Pro - H&agrave;ng Ch&iacute;nh H&atilde;ng\" width=\"800\" height=\"533\" /></span></p>\r\n<div class=\"white-panel\">\r\n<div class=\"product-description pull-left\">\r\n<div class=\"product-content-detail\">\r\n<p class=\"show-more\"><span style=\"font-size: medium;\">Những h&igrave;nh ảnh kh&aacute;c của Samsung Galaxy J7 Pro</span></p>\r\n</div>\r\n</div>\r\n</div>\r\n<p><span style=\"font-size: medium;\">&nbsp;</span></p>\r\n<p><span style=\"font-size: medium;\"><img style=\"display: block; margin-left: auto; margin-right: auto;\" src=\"https://d1710i1dsqwesz.cloudfront.net/media/tmp/catalog/product/i/m/img_2933-_5184x3456-800-resize.u2769.d20170613.t101320.381358.jpg\" alt=\"\" width=\"800\" height=\"534\" /></span></p>\r\n<p><span style=\"font-size: medium;\">&nbsp;</span></p>\r\n<p><span style=\"font-size: medium;\"><img style=\"display: block; margin-left: auto; margin-right: auto;\" src=\"https://d1710i1dsqwesz.cloudfront.net/media/tmp/catalog/product/i/m/img_2946-_5001x3334-800-resize.u2769.d20170613.t101947.948281.jpg\" alt=\"\" width=\"800\" height=\"534\" /></span></p>\r\n<p><span style=\"font-size: medium;\">&nbsp;</span></p>\r\n<p><span style=\"font-size: medium;\">&nbsp;</span></p>\r\n<p><span style=\"font-size: medium;\">&nbsp;</span></p>\r\n<p><span style=\"font-size: medium;\"><img style=\"display: block; margin-left: auto; margin-right: auto;\" src=\"https://d1710i1dsqwesz.cloudfront.net/media/tmp/catalog/product/i/m/img_3157-_4714x3143-800-resize.u2769.d20170613.t101320.479240.jpg\" alt=\"\" width=\"800\" height=\"534\" /></span></p>\r\n<p><span style=\"font-size: medium;\"><img style=\"display: block; margin-left: auto; margin-right: auto;\" src=\"https://d1710i1dsqwesz.cloudfront.net/media/tmp/catalog/product/i/m/img-0232-1497242085650.u2769.d20170613.t101320.659842.jpg\" alt=\"\" width=\"640\" height=\"427\" /></span></p>\r\n<p><span style=\"font-size: medium;\">&nbsp;</span></p>\r\n<p><span style=\"font-size: medium;\"><img style=\"display: block; margin-left: auto; margin-right: auto;\" src=\"https://d1710i1dsqwesz.cloudfront.net/media/tmp/catalog/product/i/m/img-0233-1497242085651.u2769.d20170613.t101320.702410.jpg\" alt=\"\" width=\"640\" height=\"427\" /></span></p>\r\n<p><span style=\"font-size: medium;\">&nbsp;</span></p>\r\n<p><span style=\"font-size: medium;\"><img style=\"display: block; margin-left: auto; margin-right: auto;\" src=\"https://d1710i1dsqwesz.cloudfront.net/media/tmp/catalog/product/i/m/img-0241-1497242236534.u2769.d20170613.t101320.746382.jpg\" alt=\"\" width=\"640\" height=\"427\" /></span></p>\r\n<p><span style=\"font-size: medium;\">&nbsp;</span></p>\r\n<p><span style=\"font-size: medium;\"><img style=\"display: block; margin-left: auto; margin-right: auto;\" src=\"https://d1710i1dsqwesz.cloudfront.net/media/tmp/catalog/product/i/m/img-0246-1497242556335--1-.u2769.d20170613.t101320.789381.jpg\" alt=\"\" width=\"640\" height=\"427\" /></span></p>\r\n<p><span style=\"font-size: medium;\">&nbsp;</span></p>\r\n<p><span style=\"font-size: medium;\"><img style=\"display: block; margin-left: auto; margin-right: auto;\" src=\"https://d1710i1dsqwesz.cloudfront.net/media/tmp/catalog/product/i/m/img-0255-1497247327479.u2769.d20170613.t101320.835748.jpg\" alt=\"\" width=\"650\" height=\"433\" /></span></p>\r\n<p><span style=\"font-size: medium;\">&nbsp;</span></p>\r\n<p><span style=\"font-size: medium;\"><img style=\"display: block; margin-left: auto; margin-right: auto;\" src=\"https://d1710i1dsqwesz.cloudfront.net/media/tmp/catalog/product/i/m/img-0268-1497246983325.u2769.d20170613.t101320.878141.jpg\" alt=\"\" width=\"650\" height=\"433\" /></span></p>"
        },
        {
          "attribute_code": "image",
          "value": "/1/1/1161_1497925887_samsungj7proxanh1.jpg"
        },
        {
          "attribute_code": "small_image",
          "value": "/1/1/1161_1497925887_samsungj7proxanh1.jpg"
        },
        {
          "attribute_code": "thumbnail",
          "value": "/1/1/1161_1497925887_samsungj7proxanh1.jpg"
        },
        {
          "attribute_code": "required_options",
          "value": "1"
        },
        {
          "attribute_code": "country_of_manufacture",
          "value": "579"
        },
        {
          "attribute_code": "is_returnable",
          "value": "1"
        },
        {
          "attribute_code": "udropship_vendor",
          "value": "1161"
        },
        {
          "attribute_code": "product_brand",
          "value": "23"
        },
        {
          "attribute_code": "product_approve",
          "value": "1"
        },
        {
          "attribute_code": "on_deal",
          "value": "0"
        },
        {
          "attribute_code": "packaging_weight",
          "value": "0.16"
        },
        {
          "attribute_code": "accept_installment",
          "value": "1"
        },
        {
          "attribute_code": "wide_image",
          "value": "/4/0/4067589_samsung_galaxy_j7_pro.jpg"
        },
        {
          "attribute_code": "md_comment",
          "value": "Thiết kế đẳng cấp. Camera chinh phục bóng tối"
        },
        {
          "attribute_code": "md_background_color",
          "value": "#b7b7b7"
        }
      ]
    },
    {
      "id": 335805,
      "sku": "013-0335805",
      "name": "Máy ảnh Canon DSLR 750D Kit 18-55mm STM - Chính hãng",
      "attribute_set_id": 67,
      "price": 22900000,
      "status": 1,
      "visibility": 4,
      "type_id": "simple",
      "created_at": "2017-05-05 10:55:01",
      "updated_at": "2017-06-26 01:55:17",
      "extension_attributes": {
        "stock_item": {
          "item_id": 325231,
          "product_id": 335805,
          "qty": 100,
          "is_in_stock": true,
          "max_sale_qty": 500
        },
        "original_price": 22900000,
        "min_price": 13290000,
        "brand_name": "Canon",
        "brand_id": 1520,
        "brand_image": "ves/brand/Canon.jpg",
        "vendor_name": "ZShop",
        "vendor_id": 1079,
        "vendor_city": "",
        "vendor_rating": "0",
        "vendor_reviews_count": "0",
        "vendor_membership": "Dropship Seller",
        "category": "849,2337",
        "installment_percent": "0",
        "installment_amount": "1107500",
        "product_label": [
          {
            "icon": "https://d1710i1dsqwesz.cloudfront.net/media/amasty/amlabel/Ellipse-45.png",
            "value": "42%"
          }
        ]
      },
      "product_links": [],
      "options": [],
      "tier_prices": [],
      "custom_attributes": [
        {
          "attribute_code": "description",
          "value": "<h2>Canon EOS 750D Kit 18-55mm</h2>\r\n<ul>\r\n<li><strong>Thiết kế đẹp mắt, tinh tế</strong></li>\r\n</ul>\r\n<p>M&aacute;y ảnh SLR Canon&nbsp;EOS 750D&nbsp;l&agrave; d&ograve;ng m&aacute;y ảnh chuy&ecirc;n nghiệp&nbsp;c&oacute;&nbsp;thiết kế đẹp mắt, nhỏ gọn, trọng lượng nhẹ gi&uacute;p người d&ugrave;ng dễ d&agrave;ng mang theo tới bất kỳ &acirc;u ể sẵn s&agrave;ng t&aacute;c nghiệp bất kỳ l&uacute;c n&agrave;o. Phần b&aacute;ng tay cầm được l&agrave;m nh&aacute;m tăng độ b&aacute;m, giảm trơn trượt khi chụp.</p>\r\n<p style=\"text-align: center;\"><img title=\"750d\" src=\"http://d1710i1dsqwesz.cloudfront.net/media/catalog/product/m/a/may-anh-dslr-canon-eos-750d-kit-18-55mm-is-stm-_en.jpg\" alt=\"750d\" width=\"900\" height=\"652\" /></p>\r\n<ul>\r\n<li><strong>Cảm biến h&igrave;nh ảnh CMOS 2402MP, bộ xử l&yacute; h&igrave;nh ảnh DIGIC 6</strong></li>\r\n</ul>\r\n<p>M&aacute;y ảnh SLR Canon EOS 750D&nbsp;sở hữu cảm biến h&igrave;nh ảnh CMOS với độ ph&acirc;n giải 2402MP&nbsp;cho h&igrave;nh ảnh đẹp, sắc n&eacute;t, r&otilde; r&agrave;ng đồng thời, bộ xử l&yacute; h&igrave;nh ảnh DIGIC n&acirc;ng cao tốc độ xử l&yacute;&nbsp;gi&uacute;p cho h&igrave;nh ảnh mượt m&agrave;, ch&acirc;n thực, tự nhi&ecirc;n.</p>\r\n<ul>\r\n<li><strong>Độ nhạy s&aacute;ng ISO 100 - 12800 (Mở rộng l&ecirc;n tới 25600)</strong></li>\r\n</ul>\r\n<p>Với độ nhạy s&aacute;ng ISO 100 - 12800 (Mở rộng l&ecirc;n tới 25600) gi&uacute;p bạn c&oacute; nhiều sự lựa chọn t&ugrave;y chỉnh để ph&ugrave; hợp nhất với điều kiện v&agrave; y&ecirc;u cầu của từng shoot ảnh. Bbộ nhạy s&aacute;ng cao cho ph&eacute;p bạn chụp được những bức ảnh tuyệt đẹp trong những điều kiện thiếu s&aacute;ng m&agrave; kh&ocirc;ng cần phải sử dụng đ&egrave;n Flash.</p>\r\n<p>&nbsp;</p>\r\n<p style=\"text-align: center;\"><strong><img title=\"ngg\" src=\"https://www.lotte.vn/media/catalog/product/0/0/000000000010012470-may-anh-06.jpg\" alt=\"ngg\" width=\"900\" height=\"553\" /></strong></p>\r\n<ul>\r\n<li><strong>C&ocirc;ng nghệ Hybrid CMOS AF III lấy n&eacute;t si&ecirc;u nhanh</strong></li>\r\n</ul>\r\n<p>C&ocirc;ng nghệ Hybrid CMOS AF III c&oacute; chức năng tự lấy n&eacute;t nhanh trong m&agrave;n h&igrave;nh khi đang chụp ảnh tĩnh hay theo dấu vật thể chuyển động trong khi quay phim, thậm ch&iacute; khi vật thể đ&atilde; ra khỏi trung t&acirc;m khung h&igrave;nh. Kết hợp với m&agrave;n h&igrave;nh LCD TFT k&iacute;ch thước 307 inch&nbsp;cảm ứng, ngay cả người mới d&ugrave;ng cũng c&oacute; thể quay phim tr&igrave;nh độ cao. Ngo&agrave;i ra, với độ ph&acirc;n giải 1004 triệu điểm ảnh, bạn c&oacute; thể xem lại những bức h&igrave;nh hay đoạn phim vừa quay một c&aacute;ch r&otilde; r&agrave;ng nhất.</p>\r\n<p>&nbsp;</p>\r\n<p style=\"text-align: center;\"><img title=\"750d1\" src=\"http://d1710i1dsqwesz.cloudfront.net/media/catalog/product/1/4/1442477373_4.jpg\" alt=\"750d1\" width=\"900\" height=\"535\" /></p>\r\n<p>&nbsp;</p>\r\n<ul>\r\n<li><strong>Hệ thống lấy n&eacute;t 19 điểm kết hợp với tốc độ chụp 5fps</strong></li>\r\n</ul>\r\n<p>Hệ thống lấy n&eacute;t 19 điểm cũng l&agrave; một điểm nhấn th&uacute; vị&nbsp;của Canon 750D, nhờ c&oacute; hệ thống n&agrave;y cho ph&eacute;p bạn c&oacute; thể lấy n&eacute;t si&ecirc;u nhanh v&agrave; độ ch&iacute;nh x&aacute;c cao. C&ugrave;ng với tốc độ chụp 5fps gi&uacute;p bạn kh&ocirc;ng bỏ lỡ bất kỳ một khoảnh khắc đẹp n&agrave;o trong cuộc sống của bạn. Đ&acirc;y cũng l&agrave; một lợi thế tuyệt vời nếu bạn muốn chụp những bức ảnh chuyển động hay thể thao.</p>\r\n<p>&nbsp;</p>\r\n<p style=\"text-align: center;\">&nbsp;<img title=\"750d2\" src=\"http://d1710i1dsqwesz.cloudfront.net/media/catalog/product/h/q/hq720.jpg\" alt=\"750d2\" width=\"900\" height=\"506\" /></p>\r\n<p>&nbsp;</p>\r\n<ul>\r\n<li><strong>Quay phim với độ ph&acirc;n giải tối a Full HD 30fps</strong></li>\r\n</ul>\r\n<p>Canon 750D c&oacute; khả năng quay phim với độ ph&acirc;n giải tối đa&nbsp;<strong>1080p@30fps</strong>, mọi khoảng thời gian tuyệt vời b&ecirc;n cạnh người th&acirc;n, bạn b&egrave;&nbsp;sẽ ược ghi lại với độ sắc n&eacute;t rất cao. Đặc biệt, với chế độ&nbsp;<strong>Movie Servo AF</strong>&nbsp;lấy n&eacute;t tự động trong to&agrave;n bộ thời gian quay m&agrave; kh&ocirc;ng cần phải lấy n&eacute;t bằng tay.</p>\r\n<ul>\r\n<li><strong>Hỗ trợ kết nối WiFi v&agrave; NFC</strong></li>\r\n</ul>\r\n<p>Mọi bức ảnh đẹp sẽ được chia sẻ tới c&aacute;c thiết bị kh&aacute;c một c&aacute;ch nhanh ch&oacute;ng th&ocirc;ng qua kết nối WiFi, NFC tới c&aacute;c thiết bị di động, laptop,... Qua đ&oacute;, bạn c&oacute; thể gửi tới bạn b&egrave;, người th&acirc;n th&ocirc;ng qua c&aacute;c c&ocirc;ng cụ tr&ograve; chuyện trực tuyến hay đăng tải l&ecirc;n c&aacute;c trang mạng x&atilde; hội.</p>\r\n<p style=\"text-align: center;\"><iframe src=\"https://www.youtube.com/embed/jywKZ17KGHs\" frameborder=\"0\" width=\"900\" height=\"675\"></iframe></p>"
        },
        {
          "attribute_code": "image",
          "value": "/1/4/143029711266_4_1.jpg"
        },
        {
          "attribute_code": "small_image",
          "value": "/1/4/143029711266_4_1.jpg"
        },
        {
          "attribute_code": "thumbnail",
          "value": "/1/4/143029711266_4_1.jpg"
        },
        {
          "attribute_code": "required_options",
          "value": "0"
        },
        {
          "attribute_code": "country_of_manufacture",
          "value": "1052"
        },
        {
          "attribute_code": "is_returnable",
          "value": "1"
        },
        {
          "attribute_code": "udropship_vendor",
          "value": "1079"
        },
        {
          "attribute_code": "product_brand",
          "value": "1520"
        },
        {
          "attribute_code": "product_approve",
          "value": "1"
        },
        {
          "attribute_code": "on_deal",
          "value": "0"
        },
        {
          "attribute_code": "packaging_weight",
          "value": "2"
        },
        {
          "attribute_code": "packaging_height",
          "value": "4"
        },
        {
          "attribute_code": "packaging_length",
          "value": "10"
        },
        {
          "attribute_code": "packaging_width",
          "value": "10"
        },
        {
          "attribute_code": "accept_installment",
          "value": "1"
        },
        {
          "attribute_code": "wide_image",
          "value": "/m/_/m_y_nh_canon_dslr_750d_kit_18-55mm_stm.jpg"
        },
        {
          "attribute_code": "md_comment",
          "value": "Thiết kế tinh tế và đẹp mắt. Hệ thống lấy nét 19 điểm"
        },
        {
          "attribute_code": "md_background_color",
          "value": "#b7b7b7"
        }
      ]
    },
    {
      "id": 251148,
      "sku": "553-0251148",
      "name": "Xe đạp thể thao BUHEUNG MK-218 (Tặng 2 KhănTắm 50 x 100cm Màu Sắc Ngẫu Nhiên)",
      "attribute_set_id": 56,
      "price": 8900000,
      "status": 1,
      "visibility": 4,
      "type_id": "simple",
      "created_at": "2017-02-27 07:13:34",
      "updated_at": "2017-06-26 09:50:50",
      "extension_attributes": {
        "stock_item": {
          "item_id": 240786,
          "product_id": 251148,
          "qty": 46,
          "is_in_stock": true,
          "max_sale_qty": 500
        },
        "original_price": 8900000,
        "min_price": 8900000,
        "brand_name": "BUHEUNG",
        "brand_id": 743,
        "brand_image": "",
        "vendor_name": "NGUỒN SỐNG VIỆT",
        "vendor_id": 939,
        "vendor_city": "",
        "vendor_rating": "0",
        "vendor_reviews_count": "0",
        "vendor_membership": "Dropship Seller",
        "category": "1958,2337,5221,5222,5751,5759,6306,6307,6454,6456,6846,6849,7061,7066",
        "installment_percent": "0",
        "installment_amount": "741667",
        "product_label": []
      },
      "product_links": [],
      "options": [],
      "tier_prices": [],
      "custom_attributes": [
        {
          "attribute_code": "description",
          "value": "<p><strong><span style=\"font-size: large;\">Xe đạp thể thao BUHEUNG MK-218 (Tặng 2 KhănTắm 50 x 100cm M&agrave;u Sắc Ngẫu Nhi&ecirc;n)</span></strong></p>\r\n<p><span style=\"font-size: 12pt;\"><strong>Th&ocirc;ng Tin sản phẩm:</strong></span></p>\r\n<p><span style=\"font-size: 10pt;\">Xe đạp tập thể thao Buheung MK-218 sẽ gi&uacute;p bạn thực hiện điều đ&oacute; một c&aacute;ch dễ d&agrave;ng, Buheung MK-218 &nbsp;l&agrave; thiết bị mang v&oacute;c d&aacute;ng mạnh mẽ nhất, kiểu d&aacute;ng độc đ&aacute;o nhất. Sản phẩm được thiết kế dựa những ứng dụng c&ocirc;ng nghệ hiện đại, nghi&ecirc;n cứu khoa học chuy&ecirc;n nghiệp, l&agrave; sự lựa chọn h&agrave;ng đầu cho những người th&iacute;ch tập luyện thể dục thể thao, cải thiện v&oacute;c d&aacute;ng cơ thể.&nbsp;</span></p>\r\n<p><span style=\"font-size: 10pt;\"><img src=\"http://bizweb.dktcdn.net/100/009/443/files/may-tap-xe-dap-buheung-mk-218a.jpg?v=1446265476135\" alt=\"\" width=\"700\" height=\"589\" /></span></p>\r\n<p><span style=\"font-size: 10pt;\"><img src=\"http://bizweb.dktcdn.net/100/009/443/files/may-tap-xe-dap-buheung-mk-218b.jpg?v=1446265489419\" alt=\"\" width=\"700\" height=\"718\" /></span></p>\r\n<p><span style=\"font-size: 10pt;\"><img src=\"http://bizweb.dktcdn.net/100/009/443/files/may-tap-xe-dap-buheung-mk-218c-ce878527-d5f8-4847-983d-68ed2616766d.jpg?v=1446265506612\" alt=\"\" width=\"700\" height=\"589\" /></span></p>\r\n<p><span style=\"font-size: 10pt;\"><img src=\"http://bizweb.dktcdn.net/100/009/443/files/may-tap-xe-dap-buheung-mk-218d.jpg?v=1446265519150\" alt=\"\" width=\"700\" height=\"718\" /></span></p>\r\n<p><span style=\"font-size: 10pt;\"><img src=\"http://bizweb.dktcdn.net/100/009/443/files/may-tap-xe-dap-buheung-mk-218e.jpg?v=1446265529101\" alt=\"\" width=\"700\" height=\"718\" /></span></p>\r\n<p>&nbsp;</p>\r\n<table style=\"border-collapse: collapse; width: 501px;\" border=\"0\" cellspacing=\"0\" cellpadding=\"0\">\r\n<tbody>\r\n<tr style=\"mso-height-source: userset; height: 27.75pt;\">\r\n<td class=\"xl63\" style=\"height: 27.75pt; width: 376pt;\" width=\"501\" height=\"37\">Xe đạp thể thao BUHEUNG MK-218 (Tặng 2 KhănTắm 50 x 100cm M&agrave;u Sắc Ngẫu Nhi&ecirc;n)</td>\r\n</tr>\r\n</tbody>\r\n</table>"
        },
        {
          "attribute_code": "image",
          "value": "/m/k/mk-218.jpg"
        },
        {
          "attribute_code": "small_image",
          "value": "/m/k/mk-218.jpg"
        },
        {
          "attribute_code": "thumbnail",
          "value": "/m/k/mk-218.jpg"
        },
        {
          "attribute_code": "required_options",
          "value": "0"
        },
        {
          "attribute_code": "country_of_manufacture",
          "value": "579"
        },
        {
          "attribute_code": "size",
          "value": "1703"
        },
        {
          "attribute_code": "is_returnable",
          "value": "1"
        },
        {
          "attribute_code": "swatch_image",
          "value": "/m/k/mk-218.jpg"
        },
        {
          "attribute_code": "udropship_vendor",
          "value": "939"
        },
        {
          "attribute_code": "product_brand",
          "value": "743"
        },
        {
          "attribute_code": "product_approve",
          "value": "1"
        },
        {
          "attribute_code": "on_deal",
          "value": "0"
        },
        {
          "attribute_code": "packaging_weight",
          "value": "23"
        },
        {
          "attribute_code": "packaging_height",
          "value": "45"
        },
        {
          "attribute_code": "packaging_length",
          "value": "20"
        },
        {
          "attribute_code": "packaging_width",
          "value": "20"
        },
        {
          "attribute_code": "accept_installment",
          "value": "1"
        },
        {
          "attribute_code": "wide_image",
          "value": "/x/e/xe-_p-th_-thao-buheung-mk-218.jpg"
        },
        {
          "attribute_code": "sport_color",
          "value": "1796"
        },
        {
          "attribute_code": "md_comment",
          "value": "Công nghệ hiện đại. Cải thiện vóc dáng cơ thể"
        },
        {
          "attribute_code": "md_background_color",
          "value": "#b7b7b7"
        }
      ]
    }
  ],
  "search_criteria": {
    "filter_groups": [
      {
        "filters": [
          {
            "field": "status",
            "value": "1",
            "condition_type": "eq"
          }
        ]
      },
      {
        "filters": [
          {
            "field": "product_approve",
            "value": "1",
            "condition_type": "eq"
          }
        ]
      },
      {
        "filters": [
          {
            "field": "visibility",
            "value": "1",
            "condition_type": "neq"
          }
        ]
      },
      {
        "filters": [
          {
            "field": "category_id",
            "value": "2337",
            "condition_type": "eq"
          }
        ]
      }
    ]
  },
  "total_count": 155
}